1,Rapace,Ludovic,0201020405,0601020405,r.ludovic@gmail.com,10,rue des marrons,,Orrinshire,64891
2,Brunet,Bertrand ,0202020405,0602020405,b.brunet@gmail.com,13,rue des fraisiers,,Burrafirth,74980
3,Gaumont,Louis ,0201023405,0601023405,g.louis@gmail.com,24,rue des baies noires,,Nuxvar,53120
4,Peltier,Gaston ,0203020405,0601023405,p.gaston@gmail.com,32,boulevard des canadiens,,Ilragorn,34120
5,Barnier,Nicolas ,0201020431,0601020431,b.nicolas@gmail.com,15,boulevard des cauchemars,,Mirefield,12530
6,Dujardin,Jean-Baptiste,0201710405,0601710405,d.jb@gmail.com,22,rue des framboises,,Chepstow,45620
7,Delafose,Omer ,0271020405,0671020405,d.omer@gmail.com,10,rue des beaux pieds,,Edinburgh,12460
8,Peltier,Robert ,0203050405,0603050405,p.robert@gmail.com,11,rue des galettes,,Pinnella,14530
9,Baillairgé,Gabriel ,0244020405,0644020405,b.gabriel@hotmail.fr,14,impasse des cookies,,Caelkirk,53530
10,Dupuy,Gaétan ,0201020490,0601020490,d.gaetan@gmail.com,16,avenue des cavendish,,BananawarholLand,89130
11,Rémy,Richard,0204620405,0604620405,r.richard@gmail.com,21,boulevard des mariés,,Marriedland,10000
12,Gérin,Côme,0266020405,0666020405,g.come@gmail.com,89,rue des biscuits,,Caelkirk,53530
13,Loup,Isaac,0204112405,0604112405,l.isaac@gmail.com,29,rue des gels étranges,,Tarmsworth,64720
14,Rousselot,Noël,0201020494,0601020494,r.noel@gmail.com,19,rue des kiwis,,Arkkukari,45987
15,Arsenault,Jean-Jacques,0201020492,0601020492,a.jj@gmail.com,17,impasse des blanquettes,,Oss,117
16,Joubert,Edouard,0201020489,0601020489,j.edouard@gmail.com,24,rue des épines,,Calcheth,51200
17,Mazet,Boniface,0201028477,0601028477,m.boniface@gmail.com,31,rue des malabars,,Everwinter,12530
18,Renou,Natanaël,0201020436,0601020436,r.natanael@gmail.com,12,impasse des acacias,,Rochdale,35210
19,Bombelles,Alceste,0201020474,0601020474,b.alceste@gmail.com,50,rue des tonnelets,,Pinnella,14530
20,Thibodeau,Ladislas,0201020472,0601020472,t.ladislas@gmail.com,14,impasse des chacals,,Ramshorn,21320
21,Raoult,Michaël ,0201020466,0601020466,r.michael@gmail.com,30,rue des plaisirs sombres,,Fanfoss,14131
22,Arceneaux,Dimitri,0201020468,0601020468,a.dimitri@gmail.com,55,boulevard de la fièvre,,Acomb,62741
23,Thibault,Jean ,0201020469,0601020469,t.jean@gmail.com,12,rue des marmusots,,Easthallow,85260
24,Reverdin,Alex,0201020470,0601020470,r.alex@gmail.com,2,rue des mulots échancrés,,Iyesgarth,13702
25,Dutoit,Augustin ,0201020471,0601020471,d.augustin@gmail.com,13,rue des lingots d’or,,Kald,24950
26,Dupuy,Denis ,0201020472,0601020472,d.denis@gmail.com,10,boulevard du boudin,,Penzance,70830
27,Nicollier,Didier ,0201020473,0601020473,n.didier@gmail.com,21,rue des boulangeries,,Penzance,70830
28,Saint-Pierre,Jean-Michel,0201020453,0601020453,s.jm@gmail.com,64,rue des perles grises,,Easthallow,85260
29,Didier,Gaston ,0201020474,0601020474,d.gaston_du_14@gmail.com,3,rue des jacinthes,,Orrinshire,64891
30,Pélissier,Grüt,0201020475,0601020475,p.grut@gmail.com,12,boulevard des canadiens,,Ilragorn,34120
31,Loupe,Estelle ,0201020476,0601020476,l.estelle@gmail.com,17,rue des marmusots,,Easthallow,85260
32,Donnet,Maïté ,0201020411,0601020411,d.maite@gmail.com,12,rue des concombres,,Nuxvar,53120
33,Renaudin,Roxane ,0201020478,0601020478,r.roxane@gmail.com,16,impasse des mortadelles,,Samoussaland,10231
34,Duchamp,Monique ,0201020479,0601020479,d.monique@gmail.com,15,rue des concombres,,Nuxvar,53120
35,Tourneur,Patricia ,0201020480,0601020480,t.patricia@gmail.com,12,rue de la défaite,,Pinnella,14530
36,Kléber,Nadège ,0201020481,0601020481,k.nadege@gmail.com,13,impasses de l’ivresse,,Pinnella,14530
37,Trintignant,Eugénie ,0201020482,0601020482,t.eugenie@gmail.com,21,boulevard des mariés,,Marriedland,10000
38,Delisle,Léone ,0201020483,0601020483,d.leone@gmail.com,4,rue des myrtilles,,Ballachulish,45632
39,Silvestre,Élisa ,0201020484,0601020484,s.elisa@gmail.com,5,rue des oranges,,Llanybydder,94820
40,Courtet,Nicoline ,0201020485,0601020485,c.nicoline@gmail.com,16,boulevard des mandarines,,Llanybydder,94820
41,Bissonnette,Flora ,0201020486,0601020486,b.flora@gmail.com,13,rue des pêches blanches,,Llanybydder,94820
42,DeVilliers,Nadège ,0201020405,0601020405,d.nadege_la_bg@gmail.com,21,impasse des péons,,Orgrimmar,53781
43,Crozier,France ,0203120405,0603120405,c.france@gmail.com,12,rue du puits de soleil,,Lune-d’argent,94862
44,Paquin,Dorothée ,0245020405,0645020405,p.dorothee@gmail.com,14,rue des quartiers marchands,,Fossoyeuse,1234
45,Duval,Isabelle,0201093305,0601093305,d.isabelle@gmail.com,20,rue des boomers,,Mossley,55564
46,Brousseau,Micheline ,0278920405,0678920405,b.micheline@gmail.com,10,impasse des chandeliers,,Snowbush,24446
47,Touchard,Pascale,0201070406,0601070406,t.pascale@gmail.com,95,place des pailles d’or,,Lu,97978
48,Cortot,Léa,0201420409,0601420409,c.lea18@gmail.com,81,place des bruits roses,,Kshhh,63222
49,Plantier,Rolande,0240440405,0640440405,p.rolande@gmail.com,81,place des bruits blancs,,Pshhh,63444
50,Piaget,Michèle ,0266021405,0666021405,p.michelee@gmail.com,92,impasse des bonbons,,Carambar,14359
51,Trintignant,Enzo ,0266600405,0666600405,t.enzo@gmail.com,89,rue des clowns tristes,,Claethorpes,77871
52,Dior,Élisée ,0201030300,0601030300,d.elisee@gmail.com,90,impasse de la mare aux canards,,Boum,89869
53,Blanchet,Jean-François,0222220405,0622220405,b.jf@gmail.com,81,rue des drôles d’odeurs,,Kipu,71113
54,Gouin,Gaëtan ,0211120405,0611120405,g.gaetan@laposte.net,10,rue des cucurbitacés,,Aberdyfi,51490
55,Alméras,Égide ,0201021111,0601021111,a.egide@gmail.com,6,rue des baleines,,Whalesland,61646
56,Lortie,Gaël ,0201045614,0601045614,l.gael@aol.com,13,rue des opinel,,Sacoupe,93201
57,Jacquier,Maximilien ,0299999405,0699999405,j.maximilien@gmail.com,11,rue tartelettes,,Sacoupe,93201
58,Vaugeois,Hervé ,0208888405,0608888405,v.herve@gmail.com,7,allée des fougères,,Phizoul,58575
59,Boutet,Pierre-Marie,0201620775,0601620775,b.pm@wanadoo.fr,8,allées des demi-chaises,,Boum,99871
60,Bachelot,Jacques ,0205510405,0605510405,b.jacques@gmail.com,10,rue de la chute,,Boum,99871
61,Masson,Charles ,0299999991,0699999991,m.charles@gmail.com,24,rue de l’ennui,,Boum,99871
62,Deniau,Guy ,0201465043,0601465043,d.guy@gmail.com,13,avenue des champions,,Boum,51465
63,Delon,Stanislas ,0201020300,0601020300,d.stanislas@gmail.com,10,rue zizou,,Sacoupe,93201
64,Bourcier,Raymond ,0201110407,0601110407,b.raymond@gmail.com,1,rue des classeurs,,Zumork,14230
65,Lémery,Alban ,0231310405,0631310405,lemery.a@gmail.com,7,rue des renards,,Ruseland,33312
66,Beauvais,Catherine ,0213132005,0613132005,beau.cath@gmail.com,3,impasse des charbonniers,,Mirfieldz,13156
67,Poullain,Aurore ,0200000408,0600000408,p.aurore@gmail.com,4,rue des champs,,Troutberk,77477
68,Millet,Éva ,0201070707,0601070707,millet.eva@copaindavant.fr,2,rue des sabres lasers,,Vador,11211
69,Dembélé,Céleste ,0203435333,0603435333,d.celeste@gmail.com,91,rue des algues,,Zumork,14230
70,Aubert,Victoria ,0206020291,0606020291,aubert.victoria@gmail.com,4,rue des gros gibiers,,Zumork,14230
